Mirko;Mirković;10000;Zagreb;+38511234567
Zdravko;Zdravkić;21000;Split;+38511234568
Zdenko;Zdenkić;21000bb;Split;+38511234569
Janko;Jankić;10000;Zagreb;+38511234560
Dinko;Dinkić;10000a;Zagreb;+38522234567
Bojan;Ban;21000;Split;+38511222568
Karla;Zdenkić;21000dc;Split;+38511234569
Janko;Jankić;10000;Zagreb;+38511234560
Jajo;Mirković;10000;Zagreb;+38511234567
Zdravko;Oyo;21000;Split;+38511234568
Noy;Zdenkić;21000bb;Split;+38511234569
Janko;Loll;vd10000;Zagreb;+38511234560
Oll;Dinkić;10000a;Zagreb;+38522234567
Bojan;Damm;21000;Split;+38511222568
Sam;Zdenkić;21000dc;Split;+38511234569
Janko;Jan;10000;Zagreb;+38511234560
Vajj;Mirković;10000;Zagreb;+38511234567
Vann;Oyo;21000;Split;+38511234568
Noy;Ann;21000bb;Split;+38511234569
Soy;Loll;vd10000;Zagreb;+38511234560
Oll;Lab;10000a;Zagreb;+38522234567
Koo;Damm;21000;Split;+38511222568
Sign;Zdenkić;21000dc;Split;+38511234569
Janko;Bell;cc10000;Zagreb;+38511234560
Ftr;Mirković;10000;Zagreb;+38511234567
Kll;Oyo;21000;Split;+38511234568
Lkkk;Zdenkić;21000bb;Split;+38511234569
Azir;Loll;vd10000;Zagreb;+38511234560
Nanan;Dinkić;10000a;Zagreb;+38522234567
SAnn;Damm;21000;Split;+38511222568
Ban;Zdenkić;21000dc;Split;+38511234569
Kan;Jan;10000;Zagreb;+38511234560
Njano;Mirković;10000;Zagreb;+38511234567
Stoka;Oyo;21000;Split;+38511234568
Lkaka;Ann;21000bb;Split;+38511234569
Sfdsf;Loll;vd10000;Zagreb;+38511234560
Asaa;Lab;10000a;Zagreb;+38522234567
Ssas;Damm;21000;Split;+38511222568
Cvass;Zdenkić;21000dc;Split;+38511234569
Ana;Bell;22000;Šibenik;+38511234560
Oll;Nana;22000;Šibenik;+38522234567
Anka;Damm;22000;Šibenik;+38511222568
Sign;Danka;22000;Šibenik;+38511234569
Sonja;Bell;20000;Dubrovnik;+38511234560
Ftr;Duzz;20000;Dubrovnik;+38511234567
Cuzz;Oyo;20000;Dubrovnik;+38511234568
Lkkk;Vito;20000;Dubrovnik;+38511234569
Sada;Loll;20000;Dubrovnik;+38511234560
Nanan;Ada;40000;Čakovec;+38522234567
Noaa;Damm;40000;Čakovec;+38511222568
Ban;Onnn;40000;Čakovec;+38511234569
Bann;Jan;40000;Čakovec;+38511234560
Njano;Kan;34000;Pozega;+38511234567
Janja;Oyo;34000;Pozega;+38511234568
Lkaka;Anja;34000;Pozega;+38511234569
Sadad;Loll;34000;Pozega;+38511234560
Asaa;Dadas;43000;Bjelovar;+38522234567
Savic;Damm;43000;Bjelovar;+38511222568
Cvass;Xin;43000;Bjelovar;+38511234569
Ming;Yong;43000;Bjelovar;+38511234560
Loo;Anja;51000;Rijeka;+38511234569
Sadad;Hoo;51000;Rijeka;+38511234560
Koo;Dadas;48000;Koprivnica;+38522234567
Savic;Doo;48000;Koprivnica;+38511222568
Moo;Xin;52000;Pazin;+38511234569
Ming;Nan;53000;Gospić;+38511234560